[
  {
    "url": "https://www.youtube.com/embed/dQw4w9WgXcQ",
    "title": "Highlights letztes Spiel",
    "thumbnail": "https://via.placeholder.com/400x225/1D9A50/FFFFFF?text=Highlights"
  },
  {
    "url": "https://www.youtube.com/embed/dQw4w9WgXcQ",
    "title": "Training der Woche",
    "thumbnail": "https://via.placeholder.com/400x225/1D9A50/FFFFFF?text=Training"
  },
  {
    "url": "https://www.youtube.com/embed/dQw4w9WgXcQ",
    "title": "Interview mit dem Trainer",
    "thumbnail": "https://via.placeholder.com/400x225/1D9A50/FFFFFF?text=Interview"
  }
]

