[
  {
    "url": "https://via.placeholder.com/400x300/1D9A50/FFFFFF?text=Training",
    "title": "Mannschaftstraining"
  },
  {
    "url": "https://via.placeholder.com/400x300/1D9A50/FFFFFF?text=Stadion",
    "title": "Weserstadion"
  },
  {
    "url": "https://via.placeholder.com/400x300/1D9A50/FFFFFF?text=Fans",
    "title": "Unsere Fans"
  },
  {
    "url": "https://via.placeholder.com/400x300/1D9A50/FFFFFF?text=Team",
    "title": "Mannschaftsfoto"
  },
  {
    "url": "https://via.placeholder.com/400x300/1D9A50/FFFFFF?text=Derby",
    "title": "Derby-Sieg"
  },
  {
    "url": "https://via.placeholder.com/400x300/1D9A50/FFFFFF?text=Jubel",
    "title": "Torjubel"
  }
]

