[
  {
    "date": "23.11.2025",
    "time": "15:30",
    "home": "Werder Bremen",
    "away": "FC Bayern München",
    "location": "Weserstadion"
  },
  {
    "date": "30.11.2025",
    "time": "18:30",
    "home": "Borussia Dortmund",
    "away": "Werder Bremen",
    "location": "Signal Iduna Park"
  },
  {
    "date": "07.12.2025",
    "time": "15:30",
    "home": "Werder Bremen",
    "away": "RB Leipzig",
    "location": "Weserstadion"
  },
  {
    "date": "14.12.2025",
    "time": "15:30",
    "home": "Bayer Leverkusen",
    "away": "Werder Bremen",
    "location": "BayArena"
  }
]

